Qty,Value,Purchase URL
1,1043,https://www.digikey.com/en/products/detail/keystone-electronics/1043/2745669
1,EVE 35V,https://www.18650batterystore.com/products/eve-35v-18650-3500mah-10a-battery
1,RA1H1C112R,https://www.digikey.com/en/products/detail/e-switch/RA1H1C112R/3778069
3,SLW-864587-2A-RA-N-D,https://www.digikey.com/en/products/detail/same-sky-formerly-cui-devices/SLW-864587-2A-RA-N-D/24399384
2,RJ45,https://www.digikey.com/en/products/detail/keystone-electronics/942/5638364
1,EG2208,https://www.digikey.com/en/products/detail/e-switch/EG2208/301963
1,Ferrite Ring,https://www.digikey.com/en/products/detail/epcos-tdk-electronics/B64290P0037X087/3913645
2,Test Points,https://www.digikey.com/en/products/detail/same-sky-formerly-cui-devices/CPG-45-TH-TR/25666028
1,40Pos Header,https://www.digikey.com/en/products/detail/w%C3%BCrth-elektronik/61304021121/4846886
